{"cameraMode":{"drawMode":0,"name":"Shaded","section":"Shading Mode"},"sceneLighting":true,"audioPlay":false,"sceneViewState":{"m_AlwaysRefresh":false,"showFog":true,"showSkybox":true,"showFlares":true,"showImageEffects":true,"showParticleSystems":true,"showVisualEffectGraphs":true,"m_FxEnabled":true},"in2DMode":false,"pivot":{"x":-2.3510279655456545,"y":4.082890033721924,"z":19.12921905517578},"rotation":{"x":-0.024197377264499666,"y":0.0949259027838707,"z":-0.002308049937710166,"w":-0.9951874613761902},"size":8.767375946044922,"orthographic":false}